{
  "swagger": "2.0",
  "info": {
    "title": "My API",
    "description": "Description",
    "version": "1.0.0"
  },
  "host": "localhost:3000",
  "basePath": "/",
  "schemes": [
    "http"
  ],
  "paths": {
    "/api": {
      "get": {
        "description": "",
        "parameters": [],
        "responses": {
          "200": {
            "description": "OK"
          }
        }
      }
    },
    "/api/user/sendotp": {
      "post": {
        "description": "",
        "parameters": [
          {
            "name": "body",
            "in": "body",
            "schema": {
              "type": "object",
              "properties": {
                "phone": {
                  "example": "any"
                },
                "cc": {
                  "example": "any"
                }
              }
            }
          }
        ],
        "responses": {
          "201": {
            "description": "Created"
          },
          "208": {
            "description": "Already Reported"
          },
          "406": {
            "description": "Not Acceptable"
          },
          "500": {
            "description": "Internal Server Error"
          }
        }
      }
    },
    "/api/user/resendotp": {
      "put": {
        "description": "",
        "parameters": [
          {
            "name": "body",
            "in": "body",
            "schema": {
              "type": "object",
              "properties": {
                "phone": {
                  "example": "any"
                }
              }
            }
          }
        ],
        "responses": {
          "201": {
            "description": "Created"
          },
          "406": {
            "description": "Not Acceptable"
          }
        }
      }
    },
    "/api/user/verifyotp": {
      "put": {
        "description": "",
        "parameters": [
          {
            "name": "body",
            "in": "body",
            "schema": {
              "type": "object",
              "properties": {
                "phone": {
                  "example": "any"
                },
                "otp": {
                  "example": "any"
                }
              }
            }
          }
        ],
        "responses": {
          "200": {
            "description": "OK"
          },
          "404": {
            "description": "Not Found"
          },
          "406": {
            "description": "Not Acceptable"
          }
        }
      }
    },
    "/api/user/register": {
      "put": {
        "description": "",
        "parameters": [
          {
            "name": "body",
            "in": "body",
            "schema": {
              "type": "object",
              "properties": {
                "phone": {
                  "example": "any"
                }
              }
            }
          }
        ],
        "responses": {
          "201": {
            "description": "Created"
          },
          "404": {
            "description": "Not Found"
          },
          "406": {
            "description": "Not Acceptable"
          },
          "500": {
            "description": "Internal Server Error"
          }
        }
      }
    },
    "/api/user/reject/{userId}": {
      "put": {
        "description": "",
        "parameters": [
          {
            "name": "userId",
            "in": "path",
            "required": true,
            "type": "string"
          }
        ],
        "responses": {
          "202": {
            "description": "Accepted"
          },
          "404": {
            "description": "Not Found"
          },
          "406": {
            "description": "Not Acceptable"
          },
          "500": {
            "description": "Internal Server Error"
          }
        }
      }
    },
    "/api/user/accept/{userId}": {
      "put": {
        "description": "",
        "parameters": [
          {
            "name": "userId",
            "in": "path",
            "required": true,
            "type": "string"
          }
        ],
        "responses": {
          "202": {
            "description": "Accepted"
          },
          "404": {
            "description": "Not Found"
          },
          "406": {
            "description": "Not Acceptable"
          },
          "500": {
            "description": "Internal Server Error"
          }
        }
      }
    },
    "/api/user/update/{id}": {
      "put": {
        "description": "",
        "parameters": [
          {
            "name": "id",
            "in": "path",
            "required": true,
            "type": "string"
          }
        ],
        "responses": {
          "202": {
            "description": "Accepted"
          },
          "401": {
            "description": "Unauthorized"
          },
          "404": {
            "description": "Not Found"
          },
          "406": {
            "description": "Not Acceptable"
          },
          "500": {
            "description": "Internal Server Error"
          }
        }
      }
    },
    "/api/user/updateexam/{id}": {
      "put": {
        "description": "",
        "parameters": [
          {
            "name": "id",
            "in": "path",
            "required": true,
            "type": "string"
          },
          {
            "name": "body",
            "in": "body",
            "schema": {
              "type": "object",
              "properties": {
                "examlist": {
                  "example": "any"
                }
              }
            }
          }
        ],
        "responses": {
          "202": {
            "description": "Accepted"
          },
          "401": {
            "description": "Unauthorized"
          },
          "404": {
            "description": "Not Found"
          },
          "406": {
            "description": "Not Acceptable"
          },
          "500": {
            "description": "Internal Server Error"
          }
        }
      }
    },
    "/api/user/updateimage/{id}": {
      "put": {
        "description": "",
        "parameters": [
          {
            "name": "id",
            "in": "path",
            "required": true,
            "type": "string"
          }
        ],
        "responses": {
          "202": {
            "description": "Accepted"
          },
          "401": {
            "description": "Unauthorized"
          },
          "404": {
            "description": "Not Found"
          },
          "406": {
            "description": "Not Acceptable"
          },
          "500": {
            "description": "Internal Server Error"
          }
        }
      }
    },
    "/api/user/login": {
      "post": {
        "description": "",
        "parameters": [
          {
            "name": "body",
            "in": "body",
            "schema": {
              "type": "object",
              "properties": {
                "email": {
                  "example": "any"
                },
                "phone": {
                  "example": "any"
                },
                "password": {
                  "example": "any"
                }
              }
            }
          }
        ],
        "responses": {
          "200": {
            "description": "OK"
          },
          "404": {
            "description": "Not Found"
          },
          "406": {
            "description": "Not Acceptable"
          },
          "500": {
            "description": "Internal Server Error"
          }
        }
      }
    },
    "/api/user/logout": {
      "post": {
        "description": "",
        "parameters": [],
        "responses": {
          "200": {
            "description": "OK"
          }
        }
      }
    },
    "/api/user/all": {
      "get": {
        "description": "",
        "parameters": [],
        "responses": {
          "200": {
            "description": "OK"
          },
          "500": {
            "description": "Internal Server Error"
          }
        }
      }
    },
    "/api/user/single/{id}": {
      "get": {
        "description": "",
        "parameters": [
          {
            "name": "id",
            "in": "path",
            "required": true,
            "type": "string"
          }
        ],
        "responses": {
          "200": {
            "description": "OK"
          },
          "404": {
            "description": "Not Found"
          },
          "500": {
            "description": "Internal Server Error"
          }
        }
      }
    },
    "/api/user/notification/seen": {
      "put": {
        "description": "",
        "parameters": [],
        "responses": {
          "200": {
            "description": "OK"
          },
          "401": {
            "description": "Unauthorized"
          },
          "404": {
            "description": "Not Found"
          },
          "500": {
            "description": "Internal Server Error"
          }
        }
      }
    },
    "/api/user/temp/all": {
      "get": {
        "description": "",
        "parameters": [],
        "responses": {
          "200": {
            "description": "OK"
          }
        }
      }
    },
    "/api/user/seed": {
      "post": {
        "description": "",
        "parameters": [],
        "responses": {
          "200": {
            "description": "OK"
          }
        }
      }
    },
    "/api/admin/add": {
      "post": {
        "description": "",
        "parameters": [],
        "responses": {
          "201": {
            "description": "Created"
          },
          "406": {
            "description": "Not Acceptable"
          },
          "500": {
            "description": "Internal Server Error"
          }
        }
      }
    },
    "/api/admin/login": {
      "post": {
        "description": "",
        "parameters": [
          {
            "name": "body",
            "in": "body",
            "schema": {
              "type": "object",
              "properties": {
                "email": {
                  "example": "any"
                },
                "phone": {
                  "example": "any"
                },
                "password": {
                  "example": "any"
                }
              }
            }
          }
        ],
        "responses": {
          "200": {
            "description": "OK"
          },
          "404": {
            "description": "Not Found"
          },
          "406": {
            "description": "Not Acceptable"
          },
          "500": {
            "description": "Internal Server Error"
          }
        }
      }
    },
    "/api/search/teacher": {
      "get": {
        "description": "",
        "parameters": [],
        "responses": {
          "200": {
            "description": "OK"
          },
          "404": {
            "description": "Not Found"
          }
        }
      }
    },
    "/api/classtype/add": {
      "post": {
        "description": "",
        "parameters": [
          {
            "name": "body",
            "in": "body",
            "schema": {
              "type": "object",
              "properties": {
                "name": {
                  "example": "any"
                },
                "subjectId": {
                  "example": "any"
                }
              }
            }
          }
        ],
        "responses": {
          "201": {
            "description": "Created"
          },
          "406": {
            "description": "Not Acceptable"
          },
          "500": {
            "description": "Internal Server Error"
          }
        }
      }
    },
    "/api/classtype/all": {
      "get": {
        "description": "",
        "parameters": [],
        "responses": {
          "200": {
            "description": "OK"
          },
          "500": {
            "description": "Internal Server Error"
          }
        }
      }
    },
    "/api/classtype/delete/{id}": {
      "delete": {
        "description": "",
        "parameters": [
          {
            "name": "id",
            "in": "path",
            "required": true,
            "type": "string"
          }
        ],
        "responses": {
          "200": {
            "description": "OK"
          },
          "500": {
            "description": "Internal Server Error"
          }
        }
      }
    },
    "/api/subject/add": {
      "post": {
        "description": "",
        "parameters": [
          {
            "name": "body",
            "in": "body",
            "schema": {
              "type": "object",
              "properties": {
                "name": {
                  "example": "any"
                },
                "classTypeId": {
                  "example": "any"
                }
              }
            }
          }
        ],
        "responses": {
          "201": {
            "description": "Created"
          },
          "406": {
            "description": "Not Acceptable"
          },
          "500": {
            "description": "Internal Server Error"
          }
        }
      }
    },
    "/api/subject/all": {
      "get": {
        "description": "",
        "parameters": [],
        "responses": {
          "200": {
            "description": "OK"
          },
          "500": {
            "description": "Internal Server Error"
          }
        }
      }
    },
    "/api/subject/delete/{id}": {
      "delete": {
        "description": "",
        "parameters": [
          {
            "name": "id",
            "in": "path",
            "required": true,
            "type": "string"
          }
        ],
        "responses": {
          "200": {
            "description": "OK"
          },
          "500": {
            "description": "Internal Server Error"
          }
        }
      }
    },
    "/api/scheduledclass/initiate": {
      "post": {
        "description": "",
        "parameters": [],
        "responses": {
          "201": {
            "description": "Created"
          },
          "401": {
            "description": "Unauthorized"
          },
          "404": {
            "description": "Not Found"
          },
          "406": {
            "description": "Not Acceptable"
          },
          "500": {
            "description": "Internal Server Error"
          }
        }
      }
    },
    "/api/scheduledclass/all": {
      "get": {
        "description": "",
        "parameters": [],
        "responses": {
          "200": {
            "description": "OK"
          },
          "500": {
            "description": "Internal Server Error"
          }
        }
      }
    },
    "/api/scheduledclass/single/{scheduledclassId}": {
      "get": {
        "description": "",
        "parameters": [
          {
            "name": "scheduledclassId",
            "in": "path",
            "required": true,
            "type": "string"
          }
        ],
        "responses": {
          "200": {
            "description": "OK"
          },
          "401": {
            "description": "Unauthorized"
          },
          "404": {
            "description": "Not Found"
          },
          "500": {
            "description": "Internal Server Error"
          }
        }
      }
    },
    "/api/scheduledclass/member/{memberId}": {
      "get": {
        "description": "",
        "parameters": [
          {
            "name": "memberId",
            "in": "path",
            "required": true,
            "type": "string"
          }
        ],
        "responses": {
          "200": {
            "description": "OK"
          },
          "401": {
            "description": "Unauthorized"
          },
          "404": {
            "description": "Not Found"
          },
          "406": {
            "description": "Not Acceptable"
          },
          "500": {
            "description": "Internal Server Error"
          }
        }
      }
    },
    "/api/scheduledclass/accept/{scheduledclassId}": {
      "put": {
        "description": "",
        "parameters": [
          {
            "name": "scheduledclassId",
            "in": "path",
            "required": true,
            "type": "string"
          }
        ],
        "responses": {
          "202": {
            "description": "Accepted"
          },
          "406": {
            "description": "Not Acceptable"
          },
          "500": {
            "description": "Internal Server Error"
          }
        }
      }
    },
    "/api/scheduledclass/reject/{scheduledclassId}": {
      "put": {
        "description": "",
        "parameters": [
          {
            "name": "scheduledclassId",
            "in": "path",
            "required": true,
            "type": "string"
          }
        ],
        "responses": {
          "202": {
            "description": "Accepted"
          },
          "406": {
            "description": "Not Acceptable"
          },
          "500": {
            "description": "Internal Server Error"
          }
        }
      }
    },
    "/api/scheduledclass/start/{scheduledclassId}": {
      "put": {
        "description": "",
        "parameters": [
          {
            "name": "scheduledclassId",
            "in": "path",
            "required": true,
            "type": "string"
          }
        ],
        "responses": {
          "202": {
            "description": "Accepted"
          },
          "406": {
            "description": "Not Acceptable"
          },
          "500": {
            "description": "Internal Server Error"
          }
        }
      }
    },
    "/api/scheduledclass/update/{scheduledclassId}": {
      "put": {
        "description": "",
        "parameters": [
          {
            "name": "scheduledclassId",
            "in": "path",
            "required": true,
            "type": "string"
          },
          {
            "name": "body",
            "in": "body",
            "schema": {
              "type": "object",
              "properties": {
                "meetlink": {
                  "example": "any"
                }
              }
            }
          }
        ],
        "responses": {
          "202": {
            "description": "Accepted"
          },
          "401": {
            "description": "Unauthorized"
          },
          "406": {
            "description": "Not Acceptable"
          },
          "500": {
            "description": "Internal Server Error"
          }
        }
      }
    },
    "/api/scheduledclass/finishclass/{scheduledclassId}": {
      "put": {
        "description": "",
        "parameters": [
          {
            "name": "scheduledclassId",
            "in": "path",
            "required": true,
            "type": "string"
          }
        ],
        "responses": {
          "202": {
            "description": "Accepted"
          },
          "406": {
            "description": "Not Acceptable"
          },
          "500": {
            "description": "Internal Server Error"
          }
        }
      }
    },
    "/api/review/leave/{scheduledclassId}": {
      "post": {
        "description": "",
        "parameters": [
          {
            "name": "scheduledclassId",
            "in": "path",
            "required": true,
            "type": "string"
          }
        ],
        "responses": {
          "202": {
            "description": "Accepted"
          },
          "401": {
            "description": "Unauthorized"
          },
          "406": {
            "description": "Not Acceptable"
          },
          "500": {
            "description": "Internal Server Error"
          }
        }
      }
    },
    "/sendotp": {
      "post": {
        "description": "",
        "parameters": [
          {
            "name": "body",
            "in": "body",
            "schema": {
              "type": "object",
              "properties": {
                "phone": {
                  "example": "any"
                },
                "cc": {
                  "example": "any"
                }
              }
            }
          }
        ],
        "responses": {
          "201": {
            "description": "Created"
          },
          "208": {
            "description": "Already Reported"
          },
          "406": {
            "description": "Not Acceptable"
          },
          "500": {
            "description": "Internal Server Error"
          }
        }
      }
    },
    "/resendotp": {
      "put": {
        "description": "",
        "parameters": [
          {
            "name": "body",
            "in": "body",
            "schema": {
              "type": "object",
              "properties": {
                "phone": {
                  "example": "any"
                }
              }
            }
          }
        ],
        "responses": {
          "201": {
            "description": "Created"
          },
          "406": {
            "description": "Not Acceptable"
          }
        }
      }
    },
    "/verifyotp": {
      "put": {
        "description": "",
        "parameters": [
          {
            "name": "body",
            "in": "body",
            "schema": {
              "type": "object",
              "properties": {
                "phone": {
                  "example": "any"
                },
                "otp": {
                  "example": "any"
                }
              }
            }
          }
        ],
        "responses": {
          "200": {
            "description": "OK"
          },
          "404": {
            "description": "Not Found"
          },
          "406": {
            "description": "Not Acceptable"
          }
        }
      }
    },
    "/register": {
      "put": {
        "description": "",
        "parameters": [
          {
            "name": "body",
            "in": "body",
            "schema": {
              "type": "object",
              "properties": {
                "phone": {
                  "example": "any"
                }
              }
            }
          }
        ],
        "responses": {
          "201": {
            "description": "Created"
          },
          "404": {
            "description": "Not Found"
          },
          "406": {
            "description": "Not Acceptable"
          },
          "500": {
            "description": "Internal Server Error"
          }
        }
      }
    },
    "/reject/{userId}": {
      "put": {
        "description": "",
        "parameters": [
          {
            "name": "userId",
            "in": "path",
            "required": true,
            "type": "string"
          }
        ],
        "responses": {
          "202": {
            "description": "Accepted"
          },
          "404": {
            "description": "Not Found"
          },
          "406": {
            "description": "Not Acceptable"
          },
          "500": {
            "description": "Internal Server Error"
          }
        }
      }
    },
    "/accept/{userId}": {
      "put": {
        "description": "",
        "parameters": [
          {
            "name": "userId",
            "in": "path",
            "required": true,
            "type": "string"
          }
        ],
        "responses": {
          "202": {
            "description": "Accepted"
          },
          "404": {
            "description": "Not Found"
          },
          "406": {
            "description": "Not Acceptable"
          },
          "500": {
            "description": "Internal Server Error"
          }
        }
      }
    },
    "/update/{id}": {
      "put": {
        "description": "",
        "parameters": [
          {
            "name": "id",
            "in": "path",
            "required": true,
            "type": "string"
          }
        ],
        "responses": {
          "202": {
            "description": "Accepted"
          },
          "401": {
            "description": "Unauthorized"
          },
          "404": {
            "description": "Not Found"
          },
          "406": {
            "description": "Not Acceptable"
          },
          "500": {
            "description": "Internal Server Error"
          }
        }
      }
    },
    "/updateexam/{id}": {
      "put": {
        "description": "",
        "parameters": [
          {
            "name": "id",
            "in": "path",
            "required": true,
            "type": "string"
          },
          {
            "name": "body",
            "in": "body",
            "schema": {
              "type": "object",
              "properties": {
                "examlist": {
                  "example": "any"
                }
              }
            }
          }
        ],
        "responses": {
          "202": {
            "description": "Accepted"
          },
          "401": {
            "description": "Unauthorized"
          },
          "404": {
            "description": "Not Found"
          },
          "406": {
            "description": "Not Acceptable"
          },
          "500": {
            "description": "Internal Server Error"
          }
        }
      }
    },
    "/updateimage/{id}": {
      "put": {
        "description": "",
        "parameters": [
          {
            "name": "id",
            "in": "path",
            "required": true,
            "type": "string"
          }
        ],
        "responses": {
          "202": {
            "description": "Accepted"
          },
          "401": {
            "description": "Unauthorized"
          },
          "404": {
            "description": "Not Found"
          },
          "406": {
            "description": "Not Acceptable"
          },
          "500": {
            "description": "Internal Server Error"
          }
        }
      }
    },
    "/login": {
      "post": {
        "description": "",
        "parameters": [
          {
            "name": "body",
            "in": "body",
            "schema": {
              "type": "object",
              "properties": {
                "email": {
                  "example": "any"
                },
                "phone": {
                  "example": "any"
                },
                "password": {
                  "example": "any"
                }
              }
            }
          }
        ],
        "responses": {
          "200": {
            "description": "OK"
          },
          "404": {
            "description": "Not Found"
          },
          "406": {
            "description": "Not Acceptable"
          },
          "500": {
            "description": "Internal Server Error"
          }
        }
      }
    },
    "/logout": {
      "post": {
        "description": "",
        "parameters": [],
        "responses": {
          "200": {
            "description": "OK"
          }
        }
      }
    },
    "/all": {
      "get": {
        "description": "",
        "parameters": [],
        "responses": {
          "200": {
            "description": "OK"
          },
          "500": {
            "description": "Internal Server Error"
          }
        }
      }
    },
    "/single/{id}": {
      "get": {
        "description": "",
        "parameters": [
          {
            "name": "id",
            "in": "path",
            "required": true,
            "type": "string"
          }
        ],
        "responses": {
          "200": {
            "description": "OK"
          },
          "404": {
            "description": "Not Found"
          },
          "500": {
            "description": "Internal Server Error"
          }
        }
      }
    },
    "/notification/seen": {
      "put": {
        "description": "",
        "parameters": [],
        "responses": {
          "200": {
            "description": "OK"
          },
          "401": {
            "description": "Unauthorized"
          },
          "404": {
            "description": "Not Found"
          },
          "500": {
            "description": "Internal Server Error"
          }
        }
      }
    },
    "/temp/all": {
      "get": {
        "description": "",
        "parameters": [],
        "responses": {
          "200": {
            "description": "OK"
          }
        }
      }
    },
    "/seed": {
      "post": {
        "description": "",
        "parameters": [],
        "responses": {
          "200": {
            "description": "OK"
          }
        }
      }
    }
  }
}